Cluster_ID,Pattern_Count
<|cluster_1712|>,26
<|cluster_2051|>,25
<|cluster_1345|>,21
<|cluster_20|>,19
<|cluster_165|>,19
<|cluster_1759|>,17
<|cluster_1171|>,17
<|cluster_68|>,17
<|cluster_1918|>,16
<|cluster_2047|>,16
<|cluster_1793|>,15
<|cluster_952|>,15
<|cluster_304|>,14
<|cluster_1799|>,14
<|cluster_2071|>,14
<|cluster_2074|>,14
<|cluster_561|>,14
<|cluster_509|>,13
<|cluster_2075|>,13
<|cluster_2054|>,13
<|cluster_1980|>,12
<|cluster_1760|>,12
<|cluster_506|>,12
<|cluster_72|>,11
<|cluster_508|>,11
<|cluster_1274|>,11
<|cluster_1160|>,11
<|cluster_40|>,11
<|cluster_271|>,10
<|cluster_167|>,10
<|cluster_1060|>,10
<|cluster_1602|>,10
<|cluster_940|>,10
<|cluster_1497|>,10
<|cluster_1620|>,10
<|cluster_1677|>,10
<|cluster_1783|>,10
<|cluster_2072|>,10
<|cluster_1926|>,10
<|cluster_55|>,10
<|cluster_1580|>,10
<|cluster_558|>,10
<|cluster_311|>,9
<|cluster_67|>,9
<|cluster_445|>,9
<|cluster_260|>,9
<|cluster_1713|>,9
<|cluster_452|>,9
<|cluster_507|>,9
<|cluster_976|>,9
<|cluster_1006|>,9
<|cluster_1603|>,9
<|cluster_1137|>,9
<|cluster_1784|>,9
<|cluster_1158|>,9
<|cluster_2062|>,9
<|cluster_1480|>,9
<|cluster_1521|>,9
<|cluster_1210|>,9
<|cluster_1546|>,9
<|cluster_1914|>,9
<|cluster_61|>,9
<|cluster_28|>,8
<|cluster_29|>,8
<|cluster_254|>,8
<|cluster_1454|>,8
<|cluster_27|>,8
<|cluster_1828|>,8
<|cluster_772|>,8
<|cluster_804|>,8
<|cluster_1350|>,8
<|cluster_1790|>,8
<|cluster_1917|>,8
<|cluster_1892|>,8
<|cluster_761|>,8
<|cluster_1209|>,8
<|cluster_1656|>,8
<|cluster_1630|>,8
<|cluster_1782|>,8
<|cluster_1306|>,8
<|cluster_1098|>,8
<|cluster_1924|>,8
<|cluster_1161|>,8
<|cluster_1780|>,8
<|cluster_1913|>,8
<|cluster_321|>,8
<|cluster_441|>,7
<|cluster_983|>,7
<|cluster_939|>,7
<|cluster_251|>,7
<|cluster_383|>,7
<|cluster_1743|>,7
<|cluster_1170|>,7
<|cluster_718|>,7
<|cluster_985|>,7
<|cluster_1086|>,7
<|cluster_121|>,7
<|cluster_371|>,7
<|cluster_908|>,7
<|cluster_1032|>,7
<|cluster_1136|>,7
<|cluster_1583|>,7
<|cluster_824|>,7
<|cluster_993|>,7
<|cluster_1002|>,7
<|cluster_1893|>,7
<|cluster_846|>,7
<|cluster_1871|>,7
<|cluster_930|>,7
<|cluster_1902|>,7
<|cluster_1778|>,7
<|cluster_1144|>,7
<|cluster_1889|>,7
<|cluster_180|>,7
<|cluster_1838|>,7
<|cluster_2061|>,7
<|cluster_1766|>,7
<|cluster_1758|>,7
<|cluster_1417|>,7
<|cluster_1357|>,7
<|cluster_1756|>,7
<|cluster_710|>,7
<|cluster_1105|>,7
<|cluster_385|>,7
<|cluster_1923|>,7
<|cluster_1652|>,7
<|cluster_1729|>,7
<|cluster_1990|>,7
<|cluster_2080|>,7
<|cluster_1647|>,7
<|cluster_1735|>,7
<|cluster_1750|>,7
<|cluster_110|>,7
<|cluster_52|>,6
<|cluster_24|>,6
<|cluster_54|>,6
<|cluster_1130|>,6
<|cluster_1423|>,6
<|cluster_231|>,6
<|cluster_1728|>,6
<|cluster_1353|>,6
<|cluster_1111|>,6
<|cluster_476|>,6
<|cluster_317|>,6
<|cluster_504|>,6
<|cluster_235|>,6
<|cluster_559|>,6
<|cluster_505|>,6
<|cluster_63|>,6
<|cluster_737|>,6
<|cluster_187|>,6
<|cluster_53|>,6
<|cluster_818|>,6
<|cluster_889|>,6
<|cluster_1151|>,6
<|cluster_48|>,6
<|cluster_811|>,6
<|cluster_1046|>,6
<|cluster_954|>,6
<|cluster_972|>,6
<|cluster_907|>,6
<|cluster_1693|>,6
<|cluster_1103|>,6
<|cluster_1789|>,6
<|cluster_730|>,6
<|cluster_1907|>,6
<|cluster_805|>,6
<|cluster_621|>,6
<|cluster_190|>,6
<|cluster_998|>,6
<|cluster_290|>,6
<|cluster_974|>,6
<|cluster_1124|>,6
<|cluster_47|>,6
<|cluster_1532|>,6
<|cluster_1802|>,6
<|cluster_1627|>,6
<|cluster_319|>,6
<|cluster_1891|>,6
<|cluster_1970|>,6
<|cluster_1801|>,6
<|cluster_1852|>,6
<|cluster_2059|>,6
<|cluster_2066|>,6
<|cluster_1894|>,6
<|cluster_1803|>,6
<|cluster_75|>,6
<|cluster_547|>,6
<|cluster_875|>,6
<|cluster_1905|>,6
<|cluster_1364|>,6
<|cluster_1775|>,6
<|cluster_1323|>,6
<|cluster_1700|>,6
<|cluster_1568|>,6
<|cluster_1227|>,6
<|cluster_1855|>,6
<|cluster_1718|>,6
<|cluster_1946|>,6
<|cluster_448|>,6
<|cluster_503|>,6
<|cluster_1581|>,6
<|cluster_1742|>,6
<|cluster_1462|>,6
<|cluster_1882|>,6
<|cluster_1748|>,6
<|cluster_2078|>,6
<|cluster_1523|>,6
<|cluster_1954|>,6
<|cluster_1672|>,6
<|cluster_343|>,6
<|cluster_1498|>,6
<|cluster_2043|>,6
<|cluster_2065|>,6
<|cluster_266|>,6
<|cluster_1200|>,6
<|cluster_1268|>,6
<|cluster_1781|>,6
<|cluster_1593|>,6
<|cluster_1549|>,6
<|cluster_1422|>,6
<|cluster_292|>,6
<|cluster_890|>,5
<|cluster_705|>,5
<|cluster_1057|>,5
<|cluster_474|>,5
<|cluster_512|>,5
<|cluster_716|>,5
<|cluster_511|>,5
<|cluster_739|>,5
<|cluster_560|>,5
<|cluster_783|>,5
<|cluster_946|>,5
<|cluster_355|>,5
<|cluster_384|>,5
<|cluster_361|>,5
<|cluster_1774|>,5
<|cluster_25|>,5
<|cluster_944|>,5
<|cluster_1945|>,5
<|cluster_848|>,5
<|cluster_817|>,5
<|cluster_493|>,5
<|cluster_762|>,5
<|cluster_1045|>,5
<|cluster_1394|>,5
<|cluster_1772|>,5
<|cluster_725|>,5
<|cluster_1044|>,5
<|cluster_1674|>,5
<|cluster_1162|>,5
<|cluster_1875|>,5
<|cluster_1145|>,5
<|cluster_1427|>,5
<|cluster_1433|>,5
<|cluster_1051|>,5
<|cluster_1186|>,5
<|cluster_1317|>,5
<|cluster_676|>,5
<|cluster_624|>,5
<|cluster_1164|>,5
<|cluster_1401|>,5
<|cluster_941|>,5
<|cluster_938|>,5
<|cluster_1023|>,5
<|cluster_542|>,5
<|cluster_354|>,5
<|cluster_1376|>,5
<|cluster_1920|>,5
<|cluster_1511|>,5
<|cluster_2042|>,5
<|cluster_1880|>,5
<|cluster_1080|>,5
<|cluster_1661|>,5
<|cluster_1669|>,5
<|cluster_1837|>,5
<|cluster_59|>,5
<|cluster_1610|>,5
<|cluster_500|>,5
<|cluster_1934|>,5
<|cluster_1976|>,5
<|cluster_1786|>,5
<|cluster_747|>,5
<|cluster_1645|>,5
<|cluster_1505|>,5
<|cluster_1440|>,5
<|cluster_735|>,5
<|cluster_1231|>,5
<|cluster_914|>,5
<|cluster_1817|>,5
<|cluster_1717|>,5
<|cluster_1862|>,5
<|cluster_692|>,5
<|cluster_65|>,5
<|cluster_309|>,5
<|cluster_64|>,5
<|cluster_1257|>,5
<|cluster_1961|>,5
<|cluster_1059|>,5
<|cluster_557|>,5
<|cluster_1763|>,5
<|cluster_876|>,5
<|cluster_622|>,5
<|cluster_151|>,5
<|cluster_785|>,5
<|cluster_1839|>,5
<|cluster_1078|>,5
<|cluster_791|>,5
<|cluster_143|>,5
<|cluster_1540|>,5
<|cluster_1950|>,5
<|cluster_453|>,5
<|cluster_1063|>,5
<|cluster_1726|>,5
<|cluster_478|>,5
<|cluster_1072|>,5
<|cluster_277|>,5
<|cluster_1752|>,5
<|cluster_1911|>,5
<|cluster_1147|>,5
<|cluster_1787|>,5
<|cluster_1458|>,5
<|cluster_1327|>,5
<|cluster_202|>,5
<|cluster_1508|>,5
<|cluster_495|>,5
<|cluster_2035|>,5
<|cluster_2048|>,5
<|cluster_1547|>,5
<|cluster_1579|>,5
<|cluster_1698|>,5
<|cluster_477|>,5
<|cluster_2039|>,5
<|cluster_821|>,5
<|cluster_118|>,5
<|cluster_2044|>,5
<|cluster_21|>,4
<|cluster_255|>,4
<|cluster_1387|>,4
<|cluster_380|>,4
<|cluster_1120|>,4
<|cluster_966|>,4
<|cluster_213|>,4
<|cluster_1302|>,4
<|cluster_1142|>,4
<|cluster_318|>,4
<|cluster_733|>,4
<|cluster_239|>,4
<|cluster_706|>,4
<|cluster_259|>,4
<|cluster_1087|>,4
<|cluster_487|>,4
<|cluster_536|>,4
<|cluster_1635|>,4
<|cluster_691|>,4
<|cluster_693|>,4
<|cluster_712|>,4
<|cluster_807|>,4
<|cluster_684|>,4
<|cluster_69|>,4
<|cluster_71|>,4
<|cluster_288|>,4
<|cluster_88|>,4
<|cluster_140|>,4
<|cluster_169|>,4
<|cluster_211|>,4
<|cluster_1270|>,4
<|cluster_1020|>,4
<|cluster_868|>,4
<|cluster_1172|>,4
<|cluster_963|>,4
<|cluster_1114|>,4
<|cluster_1441|>,4
<|cluster_1716|>,4
<|cluster_1201|>,4
<|cluster_1596|>,4
<|cluster_927|>,4
<|cluster_1563|>,4
<|cluster_1242|>,4
<|cluster_539|>,4
<|cluster_1215|>,4
<|cluster_1816|>,4
<|cluster_1119|>,4
<|cluster_1822|>,4
<|cluster_1297|>,4
<|cluster_1797|>,4
<|cluster_1649|>,4
<|cluster_898|>,4
<|cluster_1474|>,4
<|cluster_1425|>,4
<|cluster_947|>,4
<|cluster_386|>,4
<|cluster_502|>,4
<|cluster_1809|>,4
<|cluster_1643|>,4
<|cluster_924|>,4
<|cluster_387|>,4
<|cluster_853|>,4
<|cluster_1411|>,4
<|cluster_1179|>,4
<|cluster_126|>,4
<|cluster_950|>,4
<|cluster_984|>,4
<|cluster_800|>,4
<|cluster_1788|>,4
<|cluster_1697|>,4
<|cluster_1595|>,4
<|cluster_902|>,4
<|cluster_1562|>,4
<|cluster_404|>,4
<|cluster_1308|>,4
<|cluster_1919|>,4
<|cluster_589|>,4
<|cluster_1648|>,4
<|cluster_1290|>,4
<|cluster_594|>,4
<|cluster_1874|>,4
<|cluster_127|>,4
<|cluster_179|>,4
<|cluster_1089|>,4
<|cluster_1885|>,4
<|cluster_1957|>,4
<|cluster_1931|>,4
<|cluster_177|>,4
<|cluster_1644|>,4
<|cluster_1381|>,4
<|cluster_1625|>,4
<|cluster_1757|>,4
<|cluster_1967|>,4
<|cluster_1810|>,4
<|cluster_1879|>,4
<|cluster_623|>,4
<|cluster_1600|>,4
<|cluster_1605|>,4
<|cluster_1666|>,4
<|cluster_1501|>,4
<|cluster_1927|>,4
<|cluster_1807|>,4
<|cluster_1424|>,4
<|cluster_388|>,4
<|cluster_1115|>,4
<|cluster_443|>,4
<|cluster_767|>,4
<|cluster_248|>,4
<|cluster_247|>,4
<|cluster_1856|>,4
<|cluster_1414|>,4
<|cluster_1405|>,4
<|cluster_410|>,4
<|cluster_1512|>,4
<|cluster_1008|>,4
<|cluster_1177|>,4
<|cluster_1389|>,4
<|cluster_365|>,4
<|cluster_1329|>,4
<|cluster_911|>,4
<|cluster_1371|>,4
<|cluster_598|>,4
<|cluster_1576|>,4
<|cluster_1269|>,4
<|cluster_49|>,4
<|cluster_23|>,4
<|cluster_1941|>,4
<|cluster_1827|>,4
<|cluster_1363|>,4
<|cluster_245|>,4
<|cluster_1727|>,4
<|cluster_1133|>,4
<|cluster_709|>,4
<|cluster_1373|>,4
<|cluster_2032|>,4
<|cluster_1833|>,4
<|cluster_1835|>,4
<|cluster_1134|>,4
<|cluster_862|>,4
<|cluster_373|>,4
<|cluster_436|>,4
<|cluster_1808|>,4
<|cluster_1683|>,4
<|cluster_1747|>,4
<|cluster_1176|>,4
<|cluster_981|>,4
<|cluster_1154|>,4
<|cluster_1167|>,4
<|cluster_1493|>,4
<|cluster_819|>,4
<|cluster_1069|>,4
<|cluster_1479|>,4
<|cluster_683|>,4
<|cluster_1944|>,4
<|cluster_1936|>,4
<|cluster_1679|>,4
<|cluster_1702|>,4
<|cluster_1779|>,4
<|cluster_2084|>,4
<|cluster_2026|>,4
<|cluster_2046|>,4
<|cluster_1202|>,4
<|cluster_1929|>,4
<|cluster_1616|>,4
<|cluster_1485|>,4
<|cluster_1359|>,4
<|cluster_597|>,4
<|cluster_338|>,4
<|cluster_1767|>,4
<|cluster_2017|>,4
<|cluster_1804|>,4
<|cluster_1897|>,4
<|cluster_472|>,4
<|cluster_1664|>,4
<|cluster_1737|>,4
<|cluster_1503|>,4
<|cluster_1615|>,4
<|cluster_1753|>,4
<|cluster_451|>,4
<|cluster_12|>,4
<|cluster_1575|>,4
<|cluster_2060|>,4
<|cluster_997|>,4
<|cluster_1484|>,4
<|cluster_1953|>,4
<|cluster_26|>,3
<|cluster_514|>,3
<|cluster_236|>,3
<|cluster_988|>,3
<|cluster_1017|>,3
<|cluster_1432|>,3
<|cluster_1169|>,3
<|cluster_1410|>,3
<|cluster_1314|>,3
<|cluster_1928|>,3
<|cluster_685|>,3
<|cluster_1141|>,3
<|cluster_949|>,3
<|cluster_363|>,3
<|cluster_529|>,3
<|cluster_475|>,3
<|cluster_774|>,3
<|cluster_644|>,3
<|cluster_1138|>,3
<|cluster_306|>,3
<|cluster_34|>,3
<|cluster_886|>,3
<|cluster_1018|>,3
<|cluster_148|>,3
<|cluster_906|>,3
<|cluster_1031|>,3
<|cluster_1277|>,3
<|cluster_1303|>,3
<|cluster_1126|>,3
<|cluster_588|>,3
<|cluster_412|>,3
<|cluster_1646|>,3
<|cluster_1091|>,3
<|cluster_910|>,3
<|cluster_1248|>,3
<|cluster_1722|>,3
<|cluster_923|>,3
<|cluster_956|>,3
<|cluster_204|>,3
<|cluster_1096|>,3
<|cluster_36|>,3
<|cluster_1937|>,3
<|cluster_873|>,3
<|cluster_1035|>,3
<|cluster_994|>,3
<|cluster_770|>,3
<|cluster_1296|>,3
<|cluster_1904|>,3
<|cluster_1519|>,3
<|cluster_1288|>,3
<|cluster_238|>,3
<|cluster_799|>,3
<|cluster_523|>,3
<|cluster_1354|>,3
<|cluster_450|>,3
<|cluster_393|>,3
<|cluster_307|>,3
<|cluster_252|>,3
<|cluster_957|>,3
<|cluster_1112|>,3
<|cluster_462|>,3
<|cluster_461|>,3
<|cluster_881|>,3
<|cluster_795|>,3
<|cluster_960|>,3
<|cluster_1212|>,3
<|cluster_1279|>,3
<|cluster_975|>,3
<|cluster_1125|>,3
<|cluster_207|>,3
<|cluster_423|>,3
<|cluster_1183|>,3
<|cluster_406|>,3
<|cluster_1402|>,3
<|cluster_642|>,3
<|cluster_882|>,3
<|cluster_550|>,3
<|cluster_1761|>,3
<|cluster_1842|>,3
<|cluster_1983|>,3
<|cluster_1584|>,3
<|cluster_1854|>,3
<|cluster_1591|>,3
<|cluster_368|>,3
<|cluster_1736|>,3
<|cluster_1865|>,3
<|cluster_879|>,3
<|cluster_915|>,3
<|cluster_1318|>,3
<|cluster_1178|>,3
<|cluster_1455|>,3
<|cluster_844|>,3
<|cluster_1452|>,3
<|cluster_1442|>,3
<|cluster_1868|>,3
<|cluster_43|>,3
<|cluster_1831|>,3
<|cluster_1811|>,3
<|cluster_1915|>,3
<|cluster_1916|>,3
<|cluster_458|>,3
<|cluster_820|>,3
<|cluster_1471|>,3
<|cluster_1328|>,3
<|cluster_35|>,3
<|cluster_1986|>,3
<|cluster_1762|>,3
<|cluster_1863|>,3
<|cluster_920|>,3
<|cluster_929|>,3
<|cluster_1443|>,3
<|cluster_91|>,3
<|cluster_707|>,3
<|cluster_1372|>,3
<|cluster_1331|>,3
<|cluster_1009|>,3
<|cluster_425|>,3
<|cluster_655|>,3
<|cluster_1609|>,3
<|cluster_596|>,3
<|cluster_1639|>,3
<|cluster_1847|>,3
<|cluster_1821|>,3
<|cluster_1448|>,3
<|cluster_740|>,3
<|cluster_1166|>,3
<|cluster_1851|>,3
<|cluster_1878|>,3
<|cluster_225|>,3
<|cluster_330|>,3
<|cluster_969|>,3
<|cluster_1139|>,3
<|cluster_1715|>,3
<|cluster_1943|>,3
<|cluster_1830|>,3
<|cluster_1846|>,3
<|cluster_628|>,3
<|cluster_1636|>,3
<|cluster_979|>,3
<|cluster_865|>,3
<|cluster_978|>,3
<|cluster_1156|>,3
<|cluster_1445|>,3
<|cluster_893|>,3
<|cluster_769|>,3
<|cluster_1513|>,3
<|cluster_826|>,3
<|cluster_1189|>,3
<|cluster_1337|>,3
<|cluster_60|>,3
<|cluster_616|>,3
<|cluster_1864|>,3
<|cluster_1749|>,3
<|cluster_401|>,3
<|cluster_1734|>,3
<|cluster_303|>,3
<|cluster_320|>,3
<|cluster_1876|>,3
<|cluster_1395|>,3
<|cluster_1396|>,3
<|cluster_840|>,3
<|cluster_1026|>,3
<|cluster_921|>,3
<|cluster_764|>,3
<|cluster_1219|>,3
<|cluster_344|>,3
<|cluster_1074|>,3
<|cluster_743|>,3
<|cluster_1404|>,3
<|cluster_1522|>,3
<|cluster_1413|>,3
<|cluster_1502|>,3
<|cluster_1982|>,3
<|cluster_1974|>,3
<|cluster_356|>,3
<|cluster_1499|>,3
<|cluster_1966|>,3
<|cluster_1984|>,3
<|cluster_1901|>,3
<|cluster_1085|>,3
<|cluster_279|>,3
<|cluster_1818|>,3
<|cluster_1113|>,3
<|cluster_1275|>,3
<|cluster_831|>,3
<|cluster_1888|>,3
<|cluster_1859|>,3
<|cluster_1140|>,3
<|cluster_892|>,3
<|cluster_1131|>,3
<|cluster_541|>,3
<|cluster_543|>,3
<|cluster_1073|>,3
<|cluster_919|>,3
<|cluster_1083|>,3
<|cluster_723|>,3
<|cluster_1071|>,3
<|cluster_31|>,3
<|cluster_1128|>,3
<|cluster_1084|>,3
<|cluster_625|>,3
<|cluster_871|>,3
<|cluster_1344|>,3
<|cluster_1116|>,3
<|cluster_1340|>,3
<|cluster_226|>,3
<|cluster_797|>,3
<|cluster_808|>,3
<|cluster_513|>,3
<|cluster_827|>,3
<|cluster_244|>,3
<|cluster_1245|>,3
<|cluster_1836|>,3
<|cluster_1785|>,3
<|cluster_1163|>,3
<|cluster_1826|>,3
<|cluster_852|>,3
<|cluster_745|>,3
<|cluster_212|>,3
<|cluster_1910|>,3
<|cluster_481|>,3
<|cluster_1694|>,3
<|cluster_586|>,3
<|cluster_1714|>,3
<|cluster_1457|>,3
<|cluster_195|>,3
<|cluster_537|>,3
<|cluster_2064|>,3
<|cluster_1390|>,3
<|cluster_619|>,3
<|cluster_135|>,3
<|cluster_1738|>,3
<|cluster_1641|>,3
<|cluster_1708|>,3
<|cluster_166|>,3
<|cluster_1890|>,3
<|cluster_1550|>,3
<|cluster_1952|>,3
<|cluster_233|>,3
<|cluster_2082|>,3
<|cluster_897|>,3
<|cluster_1149|>,3
<|cluster_1574|>,3
<|cluster_1678|>,3
<|cluster_2079|>,3
<|cluster_1912|>,3
<|cluster_2081|>,3
<|cluster_1558|>,3
<|cluster_1958|>,3
<|cluster_522|>,3
<|cluster_1226|>,3
<|cluster_1135|>,3
<|cluster_1246|>,3
<|cluster_479|>,3
<|cluster_1185|>,3
<|cluster_1653|>,3
<|cluster_1560|>,3
<|cluster_178|>,3
<|cluster_838|>,3
<|cluster_101|>,3
<|cluster_295|>,3
<|cluster_115|>,3
<|cluster_98|>,3
<|cluster_1075|>,3
<|cluster_1654|>,3
<|cluster_2083|>,3
<|cluster_2028|>,3
<|cluster_1460|>,3
<|cluster_1592|>,3
<|cluster_2003|>,3
<|cluster_1310|>,3
<|cluster_1239|>,3
<|cluster_859|>,3
<|cluster_1184|>,2
<|cluster_1466|>,2
<|cluster_439|>,2
<|cluster_362|>,2
<|cluster_1720|>,2
<|cluster_1217|>,2
<|cluster_530|>,2
<|cluster_643|>,2
<|cluster_241|>,2
<|cluster_473|>,2
<|cluster_486|>,2
<|cluster_736|>,2
<|cluster_681|>,2
<|cluster_258|>,2
<|cluster_58|>,2
<|cluster_753|>,2
<|cluster_694|>,2
<|cluster_647|>,2
<|cluster_687|>,2
<|cluster_639|>,2
<|cluster_641|>,2
<|cluster_962|>,2
<|cluster_727|>,2
<|cluster_341|>,2
<|cluster_335|>,2
<|cluster_168|>,2
<|cluster_360|>,2
<|cluster_720|>,2
<|cluster_379|>,2
<|cluster_916|>,2
<|cluster_132|>,2
<|cluster_86|>,2
<|cluster_175|>,2
<|cluster_331|>,2
<|cluster_833|>,2
<|cluster_1207|>,2
<|cluster_1243|>,2
<|cluster_1252|>,2
<|cluster_1238|>,2
<|cluster_845|>,2
<|cluster_715|>,2
<|cluster_801|>,2
<|cluster_1710|>,2
<|cluster_909|>,2
<|cluster_1012|>,2
<|cluster_555|>,2
<|cluster_265|>,2
<|cluster_784|>,2
<|cluster_1132|>,2
<|cluster_1287|>,2
<|cluster_1805|>,2
<|cluster_1571|>,2
<|cluster_249|>,2
<|cluster_1092|>,2
<|cluster_218|>,2
<|cluster_1047|>,2
<|cluster_1829|>,2
<|cluster_987|>,2
<|cluster_1260|>,2
<|cluster_973|>,2
<|cluster_816|>,2
<|cluster_646|>,2
<|cluster_1100|>,2
<|cluster_1181|>,2
<|cluster_221|>,2
<|cluster_314|>,2
<|cluster_498|>,2
<|cluster_778|>,2
<|cluster_1042|>,2
<|cluster_1050|>,2
<|cluster_1014|>,2
<|cluster_634|>,2
<|cluster_1409|>,2
<|cluster_1214|>,2
<|cluster_1168|>,2
<|cluster_1244|>,2
<|cluster_787|>,2
<|cluster_850|>,2
<|cluster_776|>,2
<|cluster_1823|>,2
<|cluster_374|>,2
<|cluster_1265|>,2
<|cluster_872|>,2
<|cluster_1204|>,2
<|cluster_1764|>,2
<|cluster_1658|>,2
<|cluster_524|>,2
<|cluster_640|>,2
<|cluster_392|>,2
<|cluster_728|>,2
<|cluster_364|>,2
<|cluster_615|>,2
<|cluster_315|>,2
<|cluster_713|>,2
<|cluster_809|>,2
<|cluster_618|>,2
<|cluster_460|>,2
<|cluster_867|>,2
<|cluster_775|>,2
<|cluster_1541|>,2
<|cluster_1771|>,2
<|cluster_1634|>,2
<|cluster_1067|>,2
<|cluster_137|>,2
<|cluster_395|>,2
<|cluster_342|>,2
<|cluster_679|>,2
<|cluster_394|>,2
<|cluster_1691|>,2
<|cluster_1061|>,2
<|cluster_1692|>,2
<|cluster_1146|>,2
<|cluster_1027|>,2
<|cluster_1182|>,2
<|cluster_645|>,2
<|cluster_1053|>,2
<|cluster_1013|>,2
<|cluster_638|>,2
<|cluster_719|>,2
<|cluster_57|>,2
<|cluster_1016|>,2
<|cluster_161|>,2
<|cluster_788|>,2
<|cluster_446|>,2
<|cluster_1870|>,2
<|cluster_378|>,2
<|cluster_289|>,2
<|cluster_1895|>,2
<|cluster_1883|>,2
<|cluster_1688|>,2
<|cluster_1029|>,2
<|cluster_1791|>,2
<|cluster_1294|>,2
<|cluster_261|>,2
<|cluster_843|>,2
<|cluster_183|>,2
<|cluster_1066|>,2
<|cluster_1858|>,2
<|cluster_1495|>,2
<|cluster_403|>,2
<|cluster_823|>,2
<|cluster_839|>,2
<|cluster_1590|>,2
<|cluster_1334|>,2
<|cluster_1719|>,2
<|cluster_754|>,2
<|cluster_1628|>,2
<|cluster_125|>,2
<|cluster_1850|>,2
<|cluster_682|>,2
<|cluster_1606|>,2
<|cluster_1473|>,2
<|cluster_1472|>,2
<|cluster_953|>,2
<|cluster_1129|>,2
<|cluster_347|>,2
<|cluster_1981|>,2
<|cluster_1834|>,2
<|cluster_2053|>,2
<|cluster_2076|>,2
<|cluster_1964|>,2
<|cluster_1932|>,2
<|cluster_1776|>,2
<|cluster_1535|>,2
<|cluster_37|>,2
<|cluster_1256|>,2
<|cluster_649|>,2
<|cluster_520|>,2
<|cluster_494|>,2
<|cluster_124|>,2
<|cluster_1148|>,2
<|cluster_1483|>,2
<|cluster_1108|>,2
<|cluster_756|>,2
<|cluster_810|>,2
<|cluster_546|>,2
<|cluster_1814|>,2
<|cluster_2052|>,2
<|cluster_1988|>,2
<|cluster_1696|>,2
<|cluster_1233|>,2
<|cluster_1475|>,2
<|cluster_1005|>,2
<|cluster_668|>,2
<|cluster_587|>,2
<|cluster_405|>,2
<|cluster_885|>,2
<|cluster_62|>,2
<|cluster_789|>,2
<|cluster_904|>,2
<|cluster_1224|>,2
<|cluster_600|>,2
<|cluster_1942|>,2
<|cluster_1844|>,2
<|cluster_1861|>,2
<|cluster_1819|>,2
<|cluster_1903|>,2
<|cluster_895|>,2
<|cluster_813|>,2
<|cluster_162|>,2
<|cluster_980|>,2
<|cluster_982|>,2
<|cluster_1109|>,2
<|cluster_1143|>,2
<|cluster_370|>,2
<|cluster_1187|>,2
<|cluster_1391|>,2
<|cluster_746|>,2
<|cluster_389|>,2
<|cluster_968|>,2
<|cluster_1081|>,2
<|cluster_402|>,2
<|cluster_1117|>,2
<|cluster_1216|>,2
<|cluster_1266|>,2
<|cluster_1206|>,2
<|cluster_1038|>,2
<|cluster_1843|>,2
<|cluster_1739|>,2
<|cluster_1670|>,2
<|cluster_1284|>,2
<|cluster_700|>,2
<|cluster_620|>,2
<|cluster_729|>,2
<|cluster_141|>,2
<|cluster_996|>,2
<|cluster_1197|>,2
<|cluster_157|>,2
<|cluster_1367|>,2
<|cluster_1190|>,2
<|cluster_1339|>,2
<|cluster_139|>,2
<|cluster_428|>,2
<|cluster_765|>,2
<|cluster_888|>,2
<|cluster_697|>,2
<|cluster_1438|>,2
<|cluster_1175|>,2
<|cluster_491|>,2
<|cluster_857|>,2
<|cluster_1247|>,2
<|cluster_667|>,2
<|cluster_308|>,2
<|cluster_56|>,2
<|cluster_1174|>,2
<|cluster_1282|>,2
<|cluster_22|>,2
<|cluster_1959|>,2
<|cluster_1629|>,2
<|cluster_2073|>,2
<|cluster_459|>,2
<|cluster_726|>,2
<|cluster_312|>,2
<|cluster_1906|>,2
<|cluster_1841|>,2
<|cluster_1412|>,2
<|cluster_1613|>,2
<|cluster_1343|>,2
<|cluster_1744|>,2
<|cluster_677|>,2
<|cluster_129|>,2
<|cluster_1751|>,2
<|cluster_1007|>,2
<|cluster_744|>,2
<|cluster_703|>,2
<|cluster_203|>,2
<|cluster_757|>,2
<|cluster_1040|>,2
<|cluster_835|>,2
<|cluster_159|>,2
<|cluster_1898|>,2
<|cluster_1336|>,2
<|cluster_149|>,2
<|cluster_1886|>,2
<|cluster_860|>,2
<|cluster_1820|>,2
<|cluster_1520|>,2
<|cluster_280|>,2
<|cluster_415|>,2
<|cluster_285|>,2
<|cluster_1524|>,2
<|cluster_1969|>,2
<|cluster_732|>,2
<|cluster_659|>,2
<|cluster_1682|>,2
<|cluster_1559|>,2
<|cluster_194|>,2
<|cluster_1097|>,2
<|cluster_790|>,2
<|cluster_501|>,2
<|cluster_992|>,2
<|cluster_1548|>,2
<|cluster_1456|>,2
<|cluster_1249|>,2
<|cluster_1921|>,2
<|cluster_1533|>,2
<|cluster_396|>,2
<|cluster_553|>,2
<|cluster_1687|>,2
<|cluster_1557|>,2
<|cluster_431|>,2
<|cluster_1754|>,2
<|cluster_1272|>,2
<|cluster_521|>,2
<|cluster_250|>,2
<|cluster_760|>,2
<|cluster_959|>,2
<|cluster_1703|>,2
<|cluster_554|>,2
<|cluster_741|>,2
<|cluster_1127|>,2
<|cluster_782|>,2
<|cluster_569|>,2
<|cluster_829|>,2
<|cluster_1887|>,2
<|cluster_1740|>,2
<|cluster_917|>,2
<|cluster_822|>,2
<|cluster_1690|>,2
<|cluster_1795|>,2
<|cluster_626|>,2
<|cluster_189|>,2
<|cluster_565|>,2
<|cluster_1271|>,2
<|cluster_1951|>,2
<|cluster_1978|>,2
<|cluster_1940|>,2
<|cluster_482|>,2
<|cluster_1588|>,2
<|cluster_1689|>,2
<|cluster_2024|>,2
<|cluster_837|>,2
<|cluster_1028|>,2
<|cluster_755|>,2
<|cluster_1534|>,2
<|cluster_1542|>,2
<|cluster_1612|>,2
<|cluster_1211|>,2
<|cluster_1556|>,2
<|cluster_42|>,2
<|cluster_1962|>,2
<|cluster_1398|>,2
<|cluster_196|>,2
<|cluster_1333|>,2
<|cluster_1058|>,2
<|cluster_834|>,2
<|cluster_781|>,2
<|cluster_1494|>,2
<|cluster_1529|>,2
<|cluster_1218|>,2
<|cluster_517|>,2
<|cluster_2033|>,2
<|cluster_100|>,2
<|cluster_1972|>,2
<|cluster_1496|>,2
<|cluster_2050|>,2
<|cluster_2027|>,2
<|cluster_2004|>,2
<|cluster_456|>,2
<|cluster_346|>,2
<|cluster_345|>,2
<|cluster_866|>,2
<|cluster_1106|>,2
<|cluster_1118|>,2
<|cluster_2036|>,2
<|cluster_1949|>,2
<|cluster_1552|>,2
<|cluster_291|>,2
<|cluster_429|>,2
<|cluster_1650|>,2
<|cluster_2041|>,2
<|cluster_160|>,1
<|cluster_234|>,1
<|cluster_220|>,1
<|cluster_219|>,1
<|cluster_1021|>,1
<|cluster_447|>,1
<|cluster_1426|>,1
<|cluster_1159|>,1
<|cluster_262|>,1
<|cluster_223|>,1
<|cluster_490|>,1
<|cluster_540|>,1
<|cluster_1188|>,1
<|cluster_1070|>,1
<|cluster_1048|>,1
<|cluster_240|>,1
<|cluster_119|>,1
<|cluster_299|>,1
<|cluster_484|>,1
<|cluster_635|>,1
<|cluster_253|>,1
<|cluster_704|>,1
<|cluster_731|>,1
<|cluster_672|>,1
<|cluster_201|>,1
<|cluster_773|>,1
<|cluster_758|>,1
<|cluster_197|>,1
<|cluster_214|>,1
<|cluster_155|>,1
<|cluster_150|>,1
<|cluster_353|>,1
<|cluster_114|>,1
<|cluster_1022|>,1
<|cluster_815|>,1
<|cluster_1305|>,1
<|cluster_535|>,1
<|cluster_937|>,1
<|cluster_372|>,1
<|cluster_1082|>,1
<|cluster_1812|>,1
<|cluster_847|>,1
<|cluster_340|>,1
<|cluster_1093|>,1
<|cluster_955|>,1
<|cluster_612|>,1
<|cluster_995|>,1
<|cluster_1289|>,1
<|cluster_688|>,1
<|cluster_1052|>,1
<|cluster_1192|>,1
<|cluster_1349|>,1
<|cluster_1221|>,1
<|cluster_1101|>,1
<|cluster_766|>,1
<|cluster_224|>,1
<|cluster_483|>,1
<|cluster_1043|>,1
<|cluster_1090|>,1
<|cluster_1054|>,1
<|cluster_986|>,1
<|cluster_971|>,1
<|cluster_652|>,1
<|cluster_1019|>,1
<|cluster_1813|>,1
<|cluster_1273|>,1
<|cluster_1220|>,1
<|cluster_1152|>,1
<|cluster_427|>,1
<|cluster_777|>,1
<|cluster_418|>,1
<|cluster_1203|>,1
<|cluster_1815|>,1
<|cluster_1429|>,1
<|cluster_863|>,1
<|cluster_1601|>,1
<|cluster_901|>,1
<|cluster_913|>,1
<|cluster_990|>,1
<|cluster_1316|>,1
<|cluster_1444|>,1
<|cluster_1526|>,1
<|cluster_1338|>,1
<|cluster_1199|>,1
<|cluster_934|>,1
<|cluster_1408|>,1
<|cluster_113|>,1
<|cluster_302|>,1
<|cluster_699|>,1
<|cluster_779|>,1
<|cluster_970|>,1
<|cluster_794|>,1
<|cluster_391|>,1
<|cluster_390|>,1
<|cluster_714|>,1
<|cluster_186|>,1
<|cluster_894|>,1
<|cluster_803|>,1
<|cluster_1706|>,1
<|cluster_215|>,1
<|cluster_1832|>,1
<|cluster_216|>,1
<|cluster_1263|>,1
<|cluster_748|>,1
<|cluster_749|>,1
<|cluster_1278|>,1
<|cluster_1434|>,1
<|cluster_903|>,1
<|cluster_1517|>,1
<|cluster_854|>,1
<|cluster_1250|>,1
<|cluster_689|>,1
<|cluster_407|>,1
<|cluster_1476|>,1
<|cluster_1659|>,1
<|cluster_1165|>,1
<|cluster_945|>,1
<|cluster_1015|>,1
<|cluster_734|>,1
<|cluster_188|>,1
<|cluster_708|>,1
<|cluster_1234|>,1
<|cluster_1857|>,1
<|cluster_1845|>,1
<|cluster_103|>,1
<|cluster_1388|>,1
<|cluster_1673|>,1
<|cluster_467|>,1
<|cluster_591|>,1
<|cluster_1578|>,1
<|cluster_798|>,1
<|cluster_1939|>,1
<|cluster_1121|>,1
<|cluster_1232|>,1
<|cluster_323|>,1
<|cluster_1003|>,1
<|cluster_925|>,1
<|cluster_1725|>,1
<|cluster_899|>,1
<|cluster_434|>,1
<|cluster_851|>,1
<|cluster_1196|>,1
<|cluster_426|>,1
<|cluster_435|>,1
<|cluster_417|>,1
<|cluster_1963|>,1
<|cluster_1768|>,1
<|cluster_1707|>,1
<|cluster_382|>,1
<|cluster_1930|>,1
<|cluster_1299|>,1
<|cluster_269|>,1
<|cluster_332|>,1
<|cluster_1564|>,1
<|cluster_1642|>,1
<|cluster_1586|>,1
<|cluster_1403|>,1
<|cluster_633|>,1
<|cluster_1998|>,1
<|cluster_1985|>,1
<|cluster_1374|>,1
<|cluster_515|>,1
<|cluster_85|>,1
<|cluster_1298|>,1
<|cluster_1798|>,1
<|cluster_1039|>,1
<|cluster_272|>,1
<|cluster_883|>,1
<|cluster_1264|>,1
<|cluster_1840|>,1
<|cluster_1860|>,1
<|cluster_548|>,1
<|cluster_648|>,1
<|cluster_78|>,1
<|cluster_1267|>,1
<|cluster_1304|>,1
<|cluster_1849|>,1
<|cluster_1638|>,1
<|cluster_1319|>,1
<|cluster_636|>,1
<|cluster_724|>,1
<|cluster_1437|>,1
<|cluster_1572|>,1
<|cluster_1198|>,1
<|cluster_918|>,1
<|cluster_1881|>,1
<|cluster_1825|>,1
<|cluster_1896|>,1
<|cluster_629|>,1
<|cluster_991|>,1
<|cluster_884|>,1
<|cluster_1107|>,1
<|cluster_1335|>,1
<|cluster_989|>,1
<|cluster_1094|>,1
<|cluster_958|>,1
<|cluster_802|>,1
<|cluster_1099|>,1
<|cluster_300|>,1
<|cluster_1068|>,1
<|cluster_1258|>,1
<|cluster_351|>,1
<|cluster_786|>,1
<|cluster_414|>,1
<|cluster_1065|>,1
<|cluster_1088|>,1
<|cluster_931|>,1
<|cluster_661|>,1
<|cluster_1745|>,1
<|cluster_1933|>,1
<|cluster_1977|>,1
<|cluster_1477|>,1
<|cluster_1478|>,1
<|cluster_1877|>,1
<|cluster_1684|>,1
<|cluster_1033|>,1
<|cluster_1555|>,1
<|cluster_1240|>,1
<|cluster_1001|>,1
<|cluster_158|>,1
<|cluster_421|>,1
<|cluster_164|>,1
<|cluster_793|>,1
<|cluster_210|>,1
<|cluster_1223|>,1
<|cluster_422|>,1
<|cluster_1262|>,1
<|cluster_532|>,1
<|cluster_702|>,1
<|cluster_499|>,1
<|cluster_673|>,1
<|cluster_861|>,1
<|cluster_455|>,1
<|cluster_1491|>,1
<|cluster_237|>,1
<|cluster_1960|>,1
<|cluster_1660|>,1
<|cluster_1356|>,1
<|cluster_1800|>,1
<|cluster_33|>,1
<|cluster_1180|>,1
<|cluster_1347|>,1
<|cluster_1077|>,1
<|cluster_752|>,1
<|cluster_275|>,1
<|cluster_1872|>,1
<|cluster_1922|>,1
<|cluster_1824|>,1
<|cluster_1561|>,1
<|cluster_1362|>,1
<|cluster_905|>,1
<|cluster_1235|>,1
<|cluster_1869|>,1
<|cluster_717|>,1
<|cluster_1122|>,1
<|cluster_1368|>,1
<|cluster_1300|>,1
<|cluster_1041|>,1
<|cluster_1686|>,1
<|cluster_1062|>,1
<|cluster_891|>,1
<|cluster_878|>,1
<|cluster_1095|>,1
<|cluster_411|>,1
<|cluster_400|>,1
<|cluster_1358|>,1
<|cluster_1565|>,1
<|cluster_208|>,1
<|cluster_1755|>,1
<|cluster_1079|>,1
<|cluster_1792|>,1
<|cluster_1604|>,1
<|cluster_377|>,1
<|cluster_1938|>,1
<|cluster_1873|>,1
<|cluster_825|>,1
<|cluster_1527|>,1
<|cluster_1004|>,1
<|cluster_538|>,1
<|cluster_246|>,1
<|cluster_933|>,1
<|cluster_2063|>,1
<|cluster_74|>,1
<|cluster_977|>,1
<|cluster_381|>,1
<|cluster_577|>,1
<|cluster_1229|>,1
<|cluster_780|>,1
<|cluster_1746|>,1
<|cluster_471|>,1
<|cluster_1034|>,1
<|cluster_1723|>,1
<|cluster_696|>,1
<|cluster_32|>,1
<|cluster_1030|>,1
<|cluster_1392|>,1
<|cluster_286|>,1
<|cluster_283|>,1
<|cluster_887|>,1
<|cluster_965|>,1
<|cluster_874|>,1
<|cluster_1025|>,1
<|cluster_369|>,1
<|cluster_232|>,1
<|cluster_1208|>,1
<|cluster_653|>,1
<|cluster_73|>,1
<|cluster_1991|>,1
<|cluster_163|>,1
<|cluster_358|>,1
<|cluster_864|>,1
<|cluster_87|>,1
<|cluster_590|>,1
<|cluster_50|>,1
<|cluster_1567|>,1
<|cluster_1675|>,1
<|cluster_1222|>,1
<|cluster_1676|>,1
<|cluster_1397|>,1
<|cluster_1464|>,1
<|cluster_469|>,1
<|cluster_1633|>,1
<|cluster_1419|>,1
<|cluster_1705|>,1
<|cluster_1528|>,1
<|cluster_2040|>,1
<|cluster_1956|>,1
<|cluster_1899|>,1
<|cluster_1597|>,1
<|cluster_437|>,1
<|cluster_1536|>,1
<|cluster_1490|>,1
<|cluster_999|>,1
<|cluster_205|>,1
<|cluster_1237|>,1
<|cluster_1418|>,1
<|cluster_146|>,1
<|cluster_1777|>,1
<|cluster_2008|>,1
<|cluster_44|>,1
<|cluster_2057|>,1
<|cluster_1709|>,1
<|cluster_1488|>,1
<|cluster_1587|>,1
<|cluster_1537|>,1
<|cluster_738|>,1
<|cluster_1157|>,1
<|cluster_1377|>,1
<|cluster_1407|>,1
<|cluster_1594|>,1
<|cluster_656|>,1
<|cluster_1510|>,1
<|cluster_1481|>,1
<|cluster_1509|>,1
<|cluster_496|>,1
<|cluster_77|>,1
<|cluster_1024|>,1
<|cluster_1614|>,1
<|cluster_842|>,1
<|cluster_584|>,1
<|cluster_1076|>,1
<|cluster_595|>,1
<|cluster_1193|>,1
<|cluster_2045|>,1
<|cluster_153|>,1
<|cluster_578|>,1
<|cluster_1730|>,1
<|cluster_284|>,1
<|cluster_82|>,1
<|cluster_497|>,1
<|cluster_1975|>,1
<|cluster_1622|>,1
<|cluster_1965|>,1
<|cluster_109|>,1
<|cluster_1439|>,1
<|cluster_1276|>,1
<|cluster_1908|>,1
<|cluster_120|>,1
<|cluster_93|>,1
<|cluster_1770|>,1
<|cluster_574|>,1
<|cluster_572|>,1
<|cluster_1570|>,1
<|cluster_1992|>,1
<|cluster_2011|>,1
<|cluster_199|>,1
<|cluster_171|>,1
<|cluster_1662|>,1
<|cluster_2055|>,1
<|cluster_1525|>,1
<|cluster_1999|>,1
<|cluster_2030|>,1
<|cluster_1507|>,1
<|cluster_1506|>,1
<|cluster_1286|>,1
<|cluster_1321|>,0
<|cluster_438|>,0
<|cluster_662|>,0
<|cluster_1194|>,0
<|cluster_442|>,0
<|cluster_1261|>,0
<|cluster_1382|>,0
<|cluster_282|>,0
<|cluster_669|>,0
<|cluster_665|>,0
<|cluster_416|>,0
<|cluster_1036|>,0
<|cluster_533|>,0
<|cluster_670|>,0
<|cluster_301|>,0
<|cluster_632|>,0
<|cluster_430|>,0
<|cluster_227|>,0
<|cluster_585|>,0
<|cluster_156|>,0
<|cluster_154|>,0
<|cluster_80|>,0
<|cluster_117|>,0
<|cluster_185|>,0
<|cluster_1465|>,0
<|cluster_1293|>,0
<|cluster_1283|>,0
<|cluster_519|>,0
<|cluster_592|>,0
<|cluster_932|>,0
<|cluster_1311|>,0
<|cluster_658|>,0
<|cluster_613|>,0
<|cluster_870|>,0
<|cluster_869|>,0
<|cluster_349|>,0
<|cluster_1651|>,0
<|cluster_1467|>,0
<|cluster_1313|>,0
<|cluster_814|>,0
<|cluster_858|>,0
<|cluster_2019|>,0
<|cluster_928|>,0
<|cluster_1346|>,0
<|cluster_1281|>,0
<|cluster_1251|>,0
<|cluster_1435|>,0
<|cluster_1598|>,0
<|cluster_359|>,0
<|cluster_310|>,0
<|cluster_664|>,0
<|cluster_1453|>,0
<|cluster_1195|>,0
<|cluster_964|>,0
<|cluster_1191|>,0
<|cluster_485|>,0
<|cluster_1173|>,0
<|cluster_1365|>,0
<|cluster_1621|>,0
<|cluster_1259|>,0
<|cluster_1205|>,0
<|cluster_678|>,0
<|cluster_675|>,0
<|cluster_828|>,0
<|cluster_1325|>,0
<|cluster_1436|>,0
<|cluster_1451|>,0
<|cluster_951|>,0
<|cluster_663|>,0
<|cluster_1037|>,0
<|cluster_1711|>,0
<|cluster_922|>,0
<|cluster_1685|>,0
<|cluster_305|>,0
<|cluster_440|>,0
<|cluster_698|>,0
<|cluster_516|>,0
<|cluster_142|>,0
<|cluster_1000|>,0
<|cluster_1155|>,0
<|cluster_750|>,0
<|cluster_200|>,0
<|cluster_1228|>,0
<|cluster_136|>,0
<|cluster_2005|>,0
<|cluster_2|>,0
<|cluster_339|>,0
<|cluster_1492|>,0
<|cluster_671|>,0
<|cluster_926|>,0
<|cluster_534|>,0
<|cluster_1351|>,0
<|cluster_856|>,0
<|cluster_1369|>,0
<|cluster_1383|>,0
<|cluster_630|>,0
<|cluster_278|>,0
<|cluster_943|>,0
<|cluster_1607|>,0
<|cluster_217|>,0
<|cluster_1375|>,0
<|cluster_489|>,0
<|cluster_948|>,0
<|cluster_660|>,0
<|cluster_967|>,0
<|cluster_276|>,0
<|cluster_631|>,0
<|cluster_376|>,0
<|cluster_1695|>,0
<|cluster_1617|>,0
<|cluster_1665|>,0
<|cluster_316|>,0
<|cluster_1637|>,0
<|cluster_1468|>,0
<|cluster_1312|>,0
<|cluster_1773|>,0
<|cluster_961|>,0
<|cluster_1055|>,0
<|cluster_1486|>,0
<|cluster_1213|>,0
<|cluster_176|>,0
<|cluster_1307|>,0
<|cluster_1431|>,0
<|cluster_348|>,0
<|cluster_1393|>,0
<|cluster_1624|>,0
<|cluster_1640|>,0
<|cluster_432|>,0
<|cluster_128|>,0
<|cluster_666|>,0
<|cluster_134|>,0
<|cluster_130|>,0
<|cluster_942|>,0
<|cluster_1348|>,0
<|cluster_1285|>,0
<|cluster_1848|>,0
<|cluster_1153|>,0
<|cluster_796|>,0
<|cluster_1406|>,0
<|cluster_1315|>,0
<|cluster_209|>,0
<|cluster_89|>,0
<|cluster_763|>,0
<|cluster_409|>,0
<|cluster_9|>,0
<|cluster_549|>,0
<|cluster_1667|>,0
<|cluster_488|>,0
<|cluster_1361|>,0
<|cluster_1430|>,0
<|cluster_657|>,0
<|cluster_133|>,0
<|cluster_2022|>,0
<|cluster_1989|>,0
<|cluster_2020|>,0
<|cluster_1504|>,0
<|cluster_6|>,0
<|cluster_1421|>,0
<|cluster_1699|>,0
<|cluster_1470|>,0
<|cluster_1416|>,0
<|cluster_1415|>,0
<|cluster_1577|>,0
<|cluster_1469|>,0
<|cluster_1104|>,0
<|cluster_935|>,0
<|cluster_832|>,0
<|cluster_1254|>,0
<|cluster_79|>,0
<|cluster_352|>,0
<|cluster_397|>,0
<|cluster_1253|>,0
<|cluster_1342|>,0
<|cluster_337|>,0
<|cluster_243|>,0
<|cluster_184|>,0
<|cluster_1704|>,0
<|cluster_326|>,0
<|cluster_1539|>,0
<|cluster_855|>,0
<|cluster_1360|>,0
<|cluster_1608|>,0
<|cluster_771|>,0
<|cluster_759|>,0
<|cluster_527|>,0
<|cluster_1010|>,0
<|cluster_413|>,0
<|cluster_841|>,0
<|cluster_1280|>,0
<|cluster_768|>,0
<|cluster_1255|>,0
<|cluster_198|>,0
<|cluster_336|>,0
<|cluster_721|>,0
<|cluster_936|>,0
<|cluster_912|>,0
<|cluster_492|>,0
<|cluster_1543|>,0
<|cluster_1631|>,0
<|cluster_1428|>,0
<|cluster_1386|>,0
<|cluster_556|>,0
<|cluster_1011|>,0
<|cluster_1064|>,0
<|cluster_1110|>,0
<|cluster_45|>,0
<|cluster_1446|>,0
<|cluster_1619|>,0
<|cluster_1487|>,0
<|cluster_722|>,0
<|cluster_849|>,0
<|cluster_1459|>,0
<|cluster_1853|>,0
<|cluster_1450|>,0
<|cluster_66|>,0
<|cluster_1657|>,0
<|cluster_419|>,0
<|cluster_1518|>,0
<|cluster_1585|>,0
<|cluster_144|>,0
<|cluster_257|>,0
<|cluster_742|>,0
<|cluster_350|>,0
<|cluster_1241|>,0
<|cluster_1341|>,0
<|cluster_408|>,0
<|cluster_792|>,0
<|cluster_424|>,0
<|cluster_695|>,0
<|cluster_528|>,0
<|cluster_1618|>,0
<|cluster_1599|>,0
<|cluster_1538|>,0
<|cluster_420|>,0
<|cluster_751|>,0
<|cluster_1400|>,0
<|cluster_1225|>,0
<|cluster_830|>,0
<|cluster_1326|>,0
<|cluster_525|>,0
<|cluster_1049|>,0
<|cluster_1668|>,0
<|cluster_1500|>,0
<|cluster_690|>,0
<|cluster_701|>,0
<|cluster_1236|>,0
<|cluster_138|>,0
<|cluster_1589|>,0
<|cluster_105|>,0
<|cluster_152|>,0
<|cluster_2023|>,0
<|cluster_51|>,0
<|cluster_1611|>,0
<|cluster_1355|>,0
<|cluster_711|>,0
<|cluster_836|>,0
<|cluster_877|>,0
<|cluster_274|>,0
<|cluster_1806|>,0
<|cluster_268|>,0
<|cluster_281|>,0
<|cluster_1366|>,0
<|cluster_333|>,0
<|cluster_1292|>,0
<|cluster_334|>,0
<|cluster_1291|>,0
<|cluster_1332|>,0
<|cluster_900|>,0
<|cluster_812|>,0
<|cluster_806|>,0
<|cluster_1461|>,0
<|cluster_1295|>,0
<|cluster_1320|>,0
<|cluster_1102|>,0
<|cluster_674|>,0
<|cluster_1447|>,0
<|cluster_562|>,0
<|cluster_601|>,0
<|cluster_510|>,0
<|cluster_1663|>,0
<|cluster_614|>,0
<|cluster_1573|>,0
<|cluster_1884|>,0
<|cluster_1530|>,0
<|cluster_1909|>,0
<|cluster_563|>,0
<|cluster_1900|>,0
<|cluster_526|>,0
<|cluster_230|>,0
<|cluster_880|>,0
<|cluster_242|>,0
<|cluster_366|>,0
<|cluster_896|>,0
<|cluster_1741|>,0
<|cluster_433|>,0
<|cluster_449|>,0
<|cluster_1330|>,0
<|cluster_145|>,0
<|cluster_267|>,0
<|cluster_1379|>,0
<|cluster_1765|>,0
<|cluster_229|>,0
<|cluster_1150|>,0
<|cluster_1449|>,0
<|cluster_1531|>,0
<|cluster_1230|>,0
<|cluster_83|>,0
<|cluster_256|>,0
<|cluster_1352|>,0
<|cluster_1370|>,0
<|cluster_174|>,0
<|cluster_2102|>,0
<|cluster_2099|>,0
<|cluster_2100|>,0
<|cluster_1948|>,0
<|cluster_116|>,0
<|cluster_102|>,0
<|cluster_1655|>,0
<|cluster_1309|>,0
<|cluster_1324|>,0
<|cluster_1701|>,0
<|cluster_1733|>,0
<|cluster_1732|>,0
<|cluster_1301|>,0
<|cluster_90|>,0
<|cluster_1724|>,0
<|cluster_1680|>,0
<|cluster_1399|>,0
<|cluster_1731|>,0
<|cluster_1769|>,0
<|cluster_298|>,0
<|cluster_1551|>,0
<|cluster_627|>,0
<|cluster_1681|>,0
<|cluster_0|>,0
<|cluster_313|>,0
<|cluster_147|>,0
<|cluster_2077|>,0
<|cluster_46|>,0
<|cluster_1947|>,0
<|cluster_1463|>,0
<|cluster_1866|>,0
<|cluster_2013|>,0
<|cluster_1968|>,0
<|cluster_2034|>,0
<|cluster_1489|>,0
<|cluster_2038|>,0
<|cluster_2056|>,0
<|cluster_1569|>,0
<|cluster_1566|>,0
<|cluster_1|>,0
<|cluster_1721|>,0
<|cluster_270|>,0
<|cluster_599|>,0
<|cluster_1384|>,0
<|cluster_1544|>,0
<|cluster_1322|>,0
<|cluster_583|>,0
<|cluster_573|>,0
<|cluster_1623|>,0
<|cluster_654|>,0
<|cluster_1971|>,0
<|cluster_457|>,0
<|cluster_13|>,0
<|cluster_686|>,0
<|cluster_1626|>,0
<|cluster_1514|>,0
<|cluster_322|>,0
<|cluster_328|>,0
<|cluster_329|>,0
<|cluster_593|>,0
<|cluster_1056|>,0
<|cluster_2010|>,0
<|cluster_324|>,0
<|cluster_1671|>,0
<|cluster_206|>,0
<|cluster_1794|>,0
<|cluster_680|>,0
<|cluster_1796|>,0
<|cluster_637|>,0
<|cluster_470|>,0
<|cluster_480|>,0
<|cluster_1545|>,0
<|cluster_273|>,0
<|cluster_531|>,0
<|cluster_84|>,0
<|cluster_566|>,0
<|cluster_2088|>,0
<|cluster_294|>,0
<|cluster_1955|>,0
<|cluster_571|>,0
<|cluster_10|>,0
<|cluster_1554|>,0
<|cluster_544|>,0
<|cluster_2121|>,0
<|cluster_602|>,0
<|cluster_2117|>,0
<|cluster_570|>,0
<|cluster_465|>,0
<|cluster_463|>,0
<|cluster_2166|>,0
<|cluster_375|>,0
<|cluster_8|>,0
<|cluster_2171|>,0
<|cluster_131|>,0
<|cluster_106|>,0
<|cluster_172|>,0
<|cluster_2140|>,0
<|cluster_603|>,0
<|cluster_96|>,0
<|cluster_567|>,0
<|cluster_1553|>,0
<|cluster_2093|>,0
<|cluster_1979|>,0
<|cluster_2094|>,0
<|cluster_2006|>,0
<|cluster_2164|>,0
<|cluster_2148|>,0
<|cluster_2000|>,0
<|cluster_112|>,0
<|cluster_111|>,0
<|cluster_1925|>,0
<|cluster_97|>,0
<|cluster_99|>,0
<|cluster_1632|>,0
<|cluster_2132|>,0
<|cluster_2115|>,0
<|cluster_2126|>,0
<|cluster_2114|>,0
<|cluster_2091|>,0
<|cluster_2097|>,0
<|cluster_610|>,0
<|cluster_1997|>,0
<|cluster_609|>,0
<|cluster_608|>,0
<|cluster_2007|>,0
<|cluster_582|>,0
<|cluster_2119|>,0
<|cluster_1987|>,0
<|cluster_2116|>,0
<|cluster_2141|>,0
<|cluster_2187|>,0
<|cluster_70|>,0
<|cluster_39|>,0
<|cluster_1516|>,0
<|cluster_1385|>,0
<|cluster_2070|>,0
<|cluster_607|>,0
<|cluster_581|>,0
<|cluster_605|>,0
<|cluster_2107|>,0
<|cluster_2106|>,0
<|cluster_568|>,0
<|cluster_1378|>,0
<|cluster_604|>,0
<|cluster_2142|>,0
<|cluster_2123|>,0
<|cluster_2131|>,0
<|cluster_2144|>,0
<|cluster_2153|>,0
<|cluster_2155|>,0
<|cluster_2110|>,0
<|cluster_2087|>,0
<|cluster_2111|>,0
<|cluster_2130|>,0
<|cluster_2165|>,0
<|cluster_2156|>,0
<|cluster_2124|>,0
<|cluster_2158|>,0
<|cluster_2128|>,0
<|cluster_2159|>,0
<|cluster_2108|>,0
<|cluster_2109|>,0
<|cluster_2089|>,0
<|cluster_1994|>,0
<|cluster_2134|>,0
<|cluster_2135|>,0
<|cluster_2176|>,0
<|cluster_2105|>,0
<|cluster_2136|>,0
<|cluster_1973|>,0
<|cluster_2162|>,0
<|cluster_2145|>,0
<|cluster_2179|>,0
<|cluster_2138|>,0
<|cluster_650|>,0
<|cluster_651|>,0
<|cluster_576|>,0
<|cluster_1993|>,0
<|cluster_1420|>,0
<|cluster_2149|>,0
<|cluster_2143|>,0
<|cluster_2125|>,0
<|cluster_2154|>,0
<|cluster_81|>,0
<|cluster_192|>,0
<|cluster_263|>,0
<|cluster_191|>,0
<|cluster_94|>,0
<|cluster_617|>,0
<|cluster_107|>,0
<|cluster_2067|>,0
<|cluster_2133|>,0
<|cluster_2129|>,0
<|cluster_2101|>,0
<|cluster_2021|>,0
<|cluster_2049|>,0
<|cluster_2012|>,0
<|cluster_1996|>,0
<|cluster_2029|>,0
<|cluster_2002|>,0
<|cluster_2009|>,0
<|cluster_287|>,0
<|cluster_444|>,0
<|cluster_2177|>,0
<|cluster_2104|>,0
<|cluster_108|>,0
<|cluster_2188|>,0
<|cluster_2178|>,0
<|cluster_2122|>,0
<|cluster_2182|>,0
<|cluster_551|>,0
<|cluster_2170|>,0
<|cluster_2016|>,0
<|cluster_2015|>,0
<|cluster_2058|>,0
<|cluster_2103|>,0
<|cluster_2098|>,0
<|cluster_468|>,0
<|cluster_2113|>,0
<|cluster_2096|>,0
<|cluster_2139|>,0
<|cluster_2092|>,0
<|cluster_2150|>,0
<|cluster_2185|>,0
<|cluster_2146|>,0
<|cluster_2151|>,0
<|cluster_2157|>,0
<|cluster_2186|>,0
<|cluster_2172|>,0
<|cluster_2173|>,0
<|cluster_2112|>,0
<|cluster_2068|>,0
<|cluster_2086|>,0
<|cluster_325|>,0
<|cluster_579|>,0
<|cluster_170|>,0
<|cluster_2160|>,0
<|cluster_1582|>,0
<|cluster_2161|>,0
<|cluster_2184|>,0
<|cluster_1995|>,0
<|cluster_398|>,0
<|cluster_552|>,0
<|cluster_2169|>,0
<|cluster_2167|>,0
<|cluster_2118|>,0
<|cluster_580|>,0
<|cluster_464|>,0
<|cluster_14|>,0
<|cluster_466|>,0
<|cluster_518|>,0
<|cluster_2163|>,0
<|cluster_575|>,0
<|cluster_564|>,0
<|cluster_2031|>,0
<|cluster_2174|>,0
<|cluster_611|>,0
<|cluster_2180|>,0
<|cluster_297|>,0
<|cluster_2168|>,0
<|cluster_2147|>,0
<|cluster_95|>,0
<|cluster_182|>,0
<|cluster_76|>,0
<|cluster_264|>,0
<|cluster_5|>,0
<|cluster_296|>,0
<|cluster_1482|>,0
<|cluster_11|>,0
<|cluster_3|>,0
<|cluster_4|>,0
<|cluster_7|>,0
<|cluster_19|>,0
<|cluster_181|>,0
<|cluster_2069|>,0
<|cluster_2175|>,0
<|cluster_2095|>,0
<|cluster_2181|>,0
<|cluster_1867|>,0
<|cluster_606|>,0
<|cluster_2152|>,0
<|cluster_2018|>,0
<|cluster_2001|>,0
<|cluster_545|>,0
<|cluster_193|>,0
<|cluster_92|>,0
<|cluster_1380|>,0
<|cluster_2137|>,0
<|cluster_2183|>,0
<|cluster_2085|>,0
<|cluster_123|>,0
<|cluster_2120|>,0
<|cluster_173|>,0
<|cluster_327|>,0
<|cluster_2127|>,0
<|cluster_357|>,0
<|cluster_122|>,0
<|cluster_2037|>,0
<|cluster_104|>,0
<|cluster_1515|>,0
<|cluster_399|>,0
<|cluster_30|>,0
<|cluster_2090|>,0
<|cluster_1935|>,0
<|cluster_367|>,0
<|cluster_1123|>,0
<|cluster_293|>,0
<|cluster_2014|>,0
<|cluster_2025|>,0
<|cluster_41|>,0
<|cluster_228|>,0
<|cluster_454|>,0
<|cluster_222|>,0
<|cluster_16|>,0
<|cluster_17|>,0
<|cluster_18|>,0
<|cluster_15|>,0
<|cluster_38|>,0
